{"cameraMode":{"drawMode":0,"name":"Shaded","section":"Shading Mode"},"sceneLighting":false,"audioPlay":false,"sceneViewState":{"m_AlwaysRefresh":false,"showFog":true,"showSkybox":false,"showFlares":true,"showImageEffects":true,"showParticleSystems":true,"showVisualEffectGraphs":true,"m_FxEnabled":true},"in2DMode":false,"pivot":{"x":-118.6102523803711,"y":108.83309173583985,"z":156.82232666015626},"rotation":{"x":-0.004907159600406885,"y":-0.9885488748550415,"z":0.14727939665317536,"w":-0.03291875496506691},"size":21.943309783935548,"orthographic":false}