{"cameraMode":{"drawMode":0,"name":"Shaded","section":"Shading Mode"},"sceneLighting":false,"audioPlay":false,"sceneViewState":{"m_AlwaysRefresh":false,"showFog":true,"showSkybox":false,"showFlares":true,"showImageEffects":true,"showParticleSystems":true,"showVisualEffectGraphs":true,"m_FxEnabled":true},"in2DMode":false,"pivot":{"x":-36.529964447021487,"y":-1.1032196283340455,"z":2.3976922035217287},"rotation":{"x":0.000010813742846949026,"y":-0.999884843826294,"z":-0.000290121155558154,"w":0.017512448132038118},"size":0.7818460464477539,"orthographic":false}