{"cameraMode":{"drawMode":0,"name":"Shaded","section":"Shading Mode"},"sceneLighting":true,"audioPlay":false,"sceneViewState":{"m_AlwaysRefresh":false,"showFog":true,"showSkybox":true,"showFlares":true,"showImageEffects":true,"showParticleSystems":true,"showVisualEffectGraphs":true,"m_FxEnabled":true},"in2DMode":false,"pivot":{"x":-94.71610260009766,"y":132.64883422851563,"z":102.89168548583985},"rotation":{"x":-0.01688024029135704,"y":0.9651537537574768,"z":-0.25313782691955569,"w":-0.06437841057777405},"size":2.3031840324401857,"orthographic":false}