{"cameraMode":{"drawMode":0,"name":"Shaded","section":"Shading Mode"},"sceneLighting":true,"audioPlay":false,"sceneViewState":{"m_AlwaysRefresh":false,"showFog":true,"showSkybox":true,"showFlares":true,"showImageEffects":true,"showParticleSystems":true,"showVisualEffectGraphs":true,"m_FxEnabled":true},"in2DMode":false,"pivot":{"x":-38.65726089477539,"y":153.92091369628907,"z":25.311031341552736},"rotation":{"x":0.1793421357870102,"y":0.008525246754288674,"z":0.0019112387672066689,"w":-0.9838695526123047},"size":2.620703935623169,"orthographic":false}