{"cameraMode":{"drawMode":0,"name":"Shaded","section":"Shading Mode"},"sceneLighting":true,"audioPlay":false,"sceneViewState":{"m_AlwaysRefresh":false,"showFog":true,"showSkybox":true,"showFlares":true,"showImageEffects":true,"showParticleSystems":true,"showVisualEffectGraphs":true,"m_FxEnabled":true},"in2DMode":false,"pivot":{"x":-13.625097274780274,"y":1.0884108543395997,"z":0.7510871887207031},"rotation":{"x":-0.014681277796626091,"y":-0.9625350832939148,"z":0.05256163701415062,"w":-0.2658710479736328},"size":10.589256286621094,"orthographic":false}