{"cameraMode":{"drawMode":0,"name":"Shaded","section":"Shading Mode"},"sceneLighting":true,"audioPlay":false,"sceneViewState":{"m_AlwaysRefresh":false,"showFog":true,"showSkybox":true,"showFlares":true,"showImageEffects":true,"showParticleSystems":true,"showVisualEffectGraphs":true,"m_FxEnabled":true},"in2DMode":false,"pivot":{"x":-113.90910339355469,"y":148.20162963867188,"z":-28.411956787109376},"rotation":{"x":-0.04804491996765137,"y":0.6912407875061035,"z":-0.0460505411028862,"w":-0.7195951342582703},"size":12.136576652526856,"orthographic":false}