{"cameraMode":{"drawMode":0,"name":"Shaded","section":"Shading Mode"},"sceneLighting":false,"audioPlay":false,"sceneViewState":{"m_AlwaysRefresh":false,"showFog":true,"showSkybox":false,"showFlares":true,"showImageEffects":true,"showParticleSystems":true,"showVisualEffectGraphs":true,"m_FxEnabled":true},"in2DMode":false,"pivot":{"x":0.01643560454249382,"y":-0.0001871306449174881,"z":0.19081032276153565},"rotation":{"x":-0.024307357147336007,"y":-0.0021170724648982288,"z":0.00005143466842127964,"w":-0.9997035264968872},"size":0.31933096051216128,"orthographic":false}