{"cameraMode":{"drawMode":0,"name":"Shaded","section":"Shading Mode"},"sceneLighting":true,"audioPlay":false,"sceneViewState":{"m_AlwaysRefresh":false,"showFog":true,"showSkybox":true,"showFlares":true,"showImageEffects":true,"showParticleSystems":true,"showVisualEffectGraphs":true,"m_FxEnabled":true},"in2DMode":false,"pivot":{"x":-74.13746643066406,"y":2.88785982131958,"z":-84.50570678710938},"rotation":{"x":-0.0026844411622732879,"y":0.9899259209632874,"z":-0.019931530579924585,"w":-0.14092978835105897},"size":13.217534065246582,"orthographic":false}