{"cameraMode":{"drawMode":0,"name":"Shaded","section":"Shading Mode"},"sceneLighting":false,"audioPlay":false,"sceneViewState":{"m_AlwaysRefresh":false,"showFog":true,"showSkybox":false,"showFlares":true,"showImageEffects":true,"showParticleSystems":true,"showVisualEffectGraphs":true,"m_FxEnabled":true},"in2DMode":false,"pivot":{"x":-68.4317398071289,"y":140.84561157226563,"z":144.85458374023438},"rotation":{"x":-0.00011076351074734703,"y":0.9995020627975464,"z":-0.004500121343880892,"w":-0.03181225433945656},"size":1.4454524517059327,"orthographic":false}