{"cameraMode":{"drawMode":0,"name":"Shaded","section":"Shading Mode"},"sceneLighting":true,"audioPlay":false,"sceneViewState":{"m_AlwaysRefresh":false,"showFog":true,"showSkybox":false,"showFlares":true,"showImageEffects":true,"showParticleSystems":true,"showVisualEffectGraphs":true,"m_FxEnabled":true},"in2DMode":false,"pivot":{"x":2.4778811931610109,"y":-0.5482381582260132,"z":3.6857967376708986},"rotation":{"x":-0.00949746835976839,"y":-0.9905388951301575,"z":0.09628383815288544,"w":-0.0974731594324112},"size":5.127166271209717,"orthographic":false}