{"cameraMode":{"drawMode":0,"name":"Shaded","section":"Shading Mode"},"sceneLighting":true,"audioPlay":false,"sceneViewState":{"m_AlwaysRefresh":false,"showFog":true,"showSkybox":false,"showFlares":true,"showImageEffects":true,"showParticleSystems":true,"showVisualEffectGraphs":true,"m_FxEnabled":true},"in2DMode":false,"pivot":{"x":-38.333595275878909,"y":0.2631215453147888,"z":-10.105478286743164},"rotation":{"x":0.00025751517387107015,"y":-0.9993813633918762,"z":0.007205549161881208,"w":0.0355055145919323},"size":5.767200946807861,"orthographic":false}