{"cameraMode":{"drawMode":0,"name":"Shaded","section":"Shading Mode"},"sceneLighting":false,"audioPlay":false,"sceneViewState":{"m_AlwaysRefresh":false,"showFog":true,"showSkybox":false,"showFlares":true,"showImageEffects":true,"showParticleSystems":true,"showVisualEffectGraphs":true,"m_FxEnabled":true},"in2DMode":false,"pivot":{"x":-110.04928588867188,"y":287.2418212890625,"z":457.2579650878906},"rotation":{"x":0.0029725818894803526,"y":-0.9923678636550903,"z":0.02441682294011116,"w":0.1208648681640625},"size":10.580767631530762,"orthographic":false}