{"cameraMode":{"drawMode":0,"name":"Shaded","section":"Shading Mode"},"sceneLighting":false,"audioPlay":false,"sceneViewState":{"m_AlwaysRefresh":false,"showFog":true,"showSkybox":false,"showFlares":true,"showImageEffects":true,"showParticleSystems":true,"showVisualEffectGraphs":true,"m_FxEnabled":true},"in2DMode":false,"pivot":{"x":-9.976344108581543,"y":-3.3626646995544435,"z":3.7351670265197756},"rotation":{"x":-0.07881703227758408,"y":-0.00856074783951044,"z":0.0006389796617440879,"w":-0.9969115853309631},"size":0.6055870652198792,"orthographic":false}