{"cameraMode":{"drawMode":0,"name":"Shaded","section":"Shading Mode"},"sceneLighting":false,"audioPlay":false,"sceneViewState":{"m_AlwaysRefresh":false,"showFog":true,"showSkybox":false,"showFlares":true,"showImageEffects":true,"showParticleSystems":true,"showVisualEffectGraphs":true,"m_FxEnabled":false},"in2DMode":false,"pivot":{"x":-195.40489196777345,"y":137.74600219726563,"z":201.62704467773438},"rotation":{"x":0.1899804174900055,"y":0.2001766711473465,"z":-0.039599452167749408,"w":0.9603612422943115},"size":1.1407666206359864,"orthographic":false}