{"cameraMode":{"drawMode":0,"name":"Shaded","section":"Shading Mode"},"sceneLighting":true,"audioPlay":false,"sceneViewState":{"m_AlwaysRefresh":false,"showFog":true,"showSkybox":false,"showFlares":true,"showImageEffects":true,"showParticleSystems":true,"showVisualEffectGraphs":true,"m_FxEnabled":true},"in2DMode":false,"pivot":{"x":0.8867896199226379,"y":-0.1927623599767685,"z":0.18134215474128724},"rotation":{"x":0.09027568250894547,"y":0.6623237729072571,"z":-0.08087073266506195,"w":0.7393503785133362},"size":0.7366525530815125,"orthographic":false}