{"cameraMode":{"drawMode":0,"name":"Shaded","section":"Shading Mode"},"sceneLighting":false,"audioPlay":false,"sceneViewState":{"m_AlwaysRefresh":false,"showFog":true,"showSkybox":false,"showFlares":true,"showImageEffects":true,"showParticleSystems":true,"showVisualEffectGraphs":true,"m_FxEnabled":true},"in2DMode":false,"pivot":{"x":0.09697674214839935,"y":1.0141085386276246,"z":-0.05953490734100342},"rotation":{"x":0.00028724916046485305,"y":-0.9986811280250549,"z":0.0512787289917469,"w":0.006002661306411028},"size":0.90739506483078,"orthographic":false}