{"cameraMode":{"drawMode":0,"name":"Shaded","section":"Shading Mode"},"sceneLighting":true,"audioPlay":false,"sceneViewState":{"m_AlwaysRefresh":false,"showFog":true,"showSkybox":false,"showFlares":true,"showImageEffects":true,"showParticleSystems":true,"showVisualEffectGraphs":true,"m_FxEnabled":true},"in2DMode":false,"pivot":{"x":-10.702005386352539,"y":-1.337514042854309,"z":2.6394975185394289},"rotation":{"x":-0.007802056148648262,"y":0.9887313842773438,"z":-0.13913105428218842,"w":-0.0556957870721817},"size":0.24545562267303468,"orthographic":false}