{"cameraMode":{"drawMode":0,"name":"Shaded","section":"Shading Mode"},"sceneLighting":false,"audioPlay":false,"sceneViewState":{"m_AlwaysRefresh":false,"showFog":true,"showSkybox":false,"showFlares":true,"showImageEffects":true,"showParticleSystems":true,"showVisualEffectGraphs":true,"m_FxEnabled":false},"in2DMode":false,"pivot":{"x":-129.34954833984376,"y":133.42137145996095,"z":135.0946502685547},"rotation":{"x":-0.027464186772704126,"y":-0.11905285716056824,"z":-0.0034112012945115568,"w":0.9925994277000427},"size":1.3568898439407349,"orthographic":false}