{"cameraMode":{"drawMode":0,"name":"Shaded","section":"Shading Mode"},"sceneLighting":false,"audioPlay":false,"sceneViewState":{"m_AlwaysRefresh":false,"showFog":true,"showSkybox":false,"showFlares":true,"showImageEffects":true,"showParticleSystems":true,"showVisualEffectGraphs":true,"m_FxEnabled":false},"in2DMode":false,"pivot":{"x":-198.6923370361328,"y":137.01467895507813,"z":204.24920654296876},"rotation":{"x":0.18815036118030549,"y":0.5547031164169312,"z":-0.13046064972877503,"w":0.7999494075775147},"size":0.5402368307113648,"orthographic":false}