{"cameraMode":{"drawMode":0,"name":"Shaded","section":"Shading Mode"},"sceneLighting":false,"audioPlay":false,"sceneViewState":{"m_AlwaysRefresh":false,"showFog":true,"showSkybox":false,"showFlares":true,"showImageEffects":true,"showParticleSystems":true,"showVisualEffectGraphs":true,"m_FxEnabled":false},"in2DMode":false,"pivot":{"x":0.03435021638870239,"y":0.42128702998161318,"z":0.45811814069747927},"rotation":{"x":-0.24573230743408204,"y":0.19354985654354096,"z":-0.050155673176050189,"w":-0.9485129117965698},"size":0.5146428346633911,"orthographic":false}