{"cameraMode":{"drawMode":0,"name":"Shaded","section":"Shading Mode"},"sceneLighting":false,"audioPlay":false,"sceneViewState":{"m_AlwaysRefresh":false,"showFog":true,"showSkybox":false,"showFlares":true,"showImageEffects":true,"showParticleSystems":true,"showVisualEffectGraphs":true,"m_FxEnabled":false},"in2DMode":false,"pivot":{"x":-0.0233648419380188,"y":0.03909251093864441,"z":0.09942686557769776},"rotation":{"x":0.1774730235338211,"y":0.5131281018257141,"z":-0.10936395078897476,"w":0.8326328992843628},"size":0.5146428346633911,"orthographic":false}