{"cameraMode":{"drawMode":0,"name":"Shaded","section":"Shading Mode"},"sceneLighting":true,"audioPlay":false,"sceneViewState":{"m_AlwaysRefresh":false,"showFog":true,"showSkybox":false,"showFlares":true,"showImageEffects":true,"showParticleSystems":true,"showVisualEffectGraphs":true,"m_FxEnabled":true},"in2DMode":false,"pivot":{"x":-0.10600730031728745,"y":-0.013223368674516678,"z":-0.05954447388648987},"rotation":{"x":0.03650272265076637,"y":-0.5839492678642273,"z":0.0262911356985569,"w":0.8105666637420654},"size":0.7030035257339478,"orthographic":false}