{"cameraMode":{"drawMode":0,"name":"Shaded","section":"Shading Mode"},"sceneLighting":false,"audioPlay":false,"sceneViewState":{"m_AlwaysRefresh":false,"showFog":true,"showSkybox":false,"showFlares":true,"showImageEffects":true,"showParticleSystems":true,"showVisualEffectGraphs":true,"m_FxEnabled":false},"in2DMode":false,"pivot":{"x":-197.5961151123047,"y":138.06797790527345,"z":202.29664611816407},"rotation":{"x":-0.08421150594949722,"y":0.16541968286037446,"z":-0.01418396644294262,"w":-0.9825383424758911},"size":3.4206337928771974,"orthographic":false}