{"cameraMode":{"drawMode":0,"name":"Shaded","section":"Shading Mode"},"sceneLighting":true,"audioPlay":false,"sceneViewState":{"m_AlwaysRefresh":false,"showFog":true,"showSkybox":false,"showFlares":true,"showImageEffects":true,"showParticleSystems":true,"showVisualEffectGraphs":true,"m_FxEnabled":true},"in2DMode":false,"pivot":{"x":-1.0552608966827393,"y":0.04734049364924431,"z":3.1250827312469484},"rotation":{"x":-0.02567937597632408,"y":0.23063579201698304,"z":-0.006105571053922176,"w":-0.9727088809013367},"size":1.848543643951416,"orthographic":false}