{"cameraMode":{"drawMode":0,"name":"Shaded","section":"Shading Mode"},"sceneLighting":true,"audioPlay":false,"sceneViewState":{"m_AlwaysRefresh":false,"showFog":true,"showSkybox":false,"showFlares":true,"showImageEffects":true,"showParticleSystems":true,"showVisualEffectGraphs":true,"m_FxEnabled":true},"in2DMode":false,"pivot":{"x":-196.67869567871095,"y":137.6017608642578,"z":204.14048767089845},"rotation":{"x":-0.08087597787380219,"y":0.17195844650268556,"z":-0.014170639216899872,"w":-0.9816834330558777},"size":2.355133056640625,"orthographic":false}