{"cameraMode":{"drawMode":0,"name":"Shaded","section":"Shading Mode"},"sceneLighting":true,"audioPlay":false,"sceneViewState":{"showFog":true,"showMaterialUpdate":false,"showSkybox":false,"showFlares":true,"showImageEffects":true,"showParticleSystems":true},"in2DMode":false,"pivot":{"x":22.145755767822267,"y":3.7599997520446779,"z":38.94928741455078},"rotation":{"x":0.02125394158065319,"y":-0.7995128631591797,"z":0.5996289849281311,"w":0.028292696923017503},"size":27.395999908447267,"orthographic":false}