{"cameraMode":{"drawMode":0,"name":"Shaded","section":"Shading Mode"},"sceneLighting":true,"audioPlay":false,"sceneViewState":{"showFog":true,"showMaterialUpdate":false,"showSkybox":false,"showFlares":true,"showImageEffects":true,"showParticleSystems":true},"in2DMode":false,"pivot":{"x":-0.0000011920928955078126,"y":0.0,"z":1.800001859664917},"rotation":{"x":0.18099501729011537,"y":-0.35028156638145449,"z":0.06918200105428696,"w":0.9163925051689148},"size":144.54296875,"orthographic":false}