{"cameraMode":{"drawMode":0,"name":"Shaded","section":"Shading Mode"},"sceneLighting":true,"audioPlay":false,"sceneViewState":{"showFog":true,"showMaterialUpdate":false,"showSkybox":false,"showFlares":true,"showImageEffects":true,"showParticleSystems":true},"in2DMode":false,"pivot":{"x":-3.6413679122924806,"y":-2.023590087890625,"z":-5.448655128479004},"rotation":{"x":0.019911635667085649,"y":-0.9703372716903687,"z":0.08580608665943146,"w":0.22514981031417848},"size":6.607381343841553,"orthographic":false}