{"cameraMode":{"drawMode":0,"name":"Shaded","section":"Shading Mode"},"sceneLighting":false,"audioPlay":false,"sceneViewState":{"showFog":true,"showMaterialUpdate":false,"showSkybox":false,"showFlares":true,"showImageEffects":true,"showParticleSystems":true},"in2DMode":false,"pivot":{"x":-1.7958927154541016,"y":6.503207206726074,"z":9.028146743774414},"rotation":{"x":0.07960312813520432,"y":-0.05290631949901581,"z":0.004228081554174423,"w":0.9954171776771545},"size":26.886083602905275,"orthographic":false}