{"cameraMode":{"drawMode":0,"name":"Shaded","section":"Shading Mode"},"sceneLighting":true,"audioPlay":false,"sceneViewState":{"showFog":true,"showMaterialUpdate":false,"showSkybox":false,"showFlares":true,"showImageEffects":true,"showParticleSystems":true},"in2DMode":false,"pivot":{"x":2.008586883544922,"y":4.863100528717041,"z":37.842369079589847},"rotation":{"x":0.2391289919614792,"y":-0.7445217967033386,"z":0.3413628935813904,"w":0.5215555429458618},"size":50.82872772216797,"orthographic":false}