{"cameraMode":{"drawMode":0,"name":"Shaded","section":"Shading Mode"},"sceneLighting":true,"audioPlay":false,"sceneViewState":{"showFog":true,"showMaterialUpdate":false,"showSkybox":false,"showFlares":true,"showImageEffects":true,"showParticleSystems":true},"in2DMode":false,"pivot":{"x":56.955665588378909,"y":48.600128173828128,"z":119.32384490966797},"rotation":{"x":0.025485975667834283,"y":0.02725292183458805,"z":-0.0007045974489301443,"w":0.9993303418159485},"size":3.045285224914551,"orthographic":false}