{"cameraMode":{"drawMode":0,"name":"Shaded","section":"Shading Mode"},"sceneLighting":true,"audioPlay":false,"sceneViewState":{"showFog":true,"showMaterialUpdate":false,"showSkybox":false,"showFlares":true,"showImageEffects":true,"showParticleSystems":true},"in2DMode":false,"pivot":{"x":-4.076245307922363,"y":5.903861999511719,"z":-1.0054540634155274},"rotation":{"x":0.022535914555191995,"y":-0.9770036935806274,"z":0.13359488546848298,"w":0.164770245552063},"size":12.12435531616211,"orthographic":false}