{"cameraMode":{"drawMode":0,"name":"Shaded","section":"Shading Mode"},"sceneLighting":true,"audioPlay":false,"sceneViewState":{"showFog":true,"showMaterialUpdate":false,"showSkybox":false,"showFlares":true,"showImageEffects":true,"showParticleSystems":true},"in2DMode":false,"pivot":{"x":5.133390426635742,"y":4.863100528717041,"z":25.145954132080079},"rotation":{"x":0.031986549496650699,"y":-0.9673791527748108,"z":0.19498667120933534,"w":0.15867306292057038},"size":42.107086181640628,"orthographic":false}