{"cameraMode":{"drawMode":0,"name":"Shaded","section":"Shading Mode"},"sceneLighting":true,"audioPlay":false,"sceneViewState":{"showFog":true,"showMaterialUpdate":false,"showSkybox":false,"showFlares":true,"showImageEffects":true,"showParticleSystems":true},"in2DMode":false,"pivot":{"x":45.07627868652344,"y":52.619834899902347,"z":114.11627960205078},"rotation":{"x":0.15016445517539979,"y":-0.7518438696861267,"z":0.183508962392807,"w":0.6152290105819702},"size":18.997177124023439,"orthographic":false}