{"cameraMode":{"drawMode":0,"name":"Shaded","section":"Shading Mode"},"sceneLighting":false,"audioPlay":false,"sceneViewState":{"showFog":true,"showMaterialUpdate":false,"showSkybox":false,"showFlares":true,"showImageEffects":true,"showParticleSystems":true},"in2DMode":false,"pivot":{"x":77.95489501953125,"y":63.77033996582031,"z":109.17950439453125},"rotation":{"x":-0.004069305956363678,"y":-0.9951543211936951,"z":-0.04841204732656479,"w":0.08598335832357407},"size":40.31780242919922,"orthographic":false}