{"cameraMode":{"drawMode":0,"name":"Shaded","section":"Shading Mode"},"sceneLighting":true,"audioPlay":false,"sceneViewState":{"showFog":true,"showMaterialUpdate":false,"showSkybox":true,"showFlares":true,"showImageEffects":true,"showParticleSystems":true},"in2DMode":false,"pivot":{"x":-2.695892333984375,"y":7.003207206726074,"z":-0.37185370922088625},"rotation":{"x":0.031986549496650699,"y":-0.9673791527748108,"z":0.19498667120933534,"w":0.15867306292057038},"size":69.51688385009766,"orthographic":false}