{"cameraMode":{"drawMode":0,"name":"Shaded","section":"Shading Mode"},"sceneLighting":true,"audioPlay":false,"sceneViewState":{"showFog":true,"showMaterialUpdate":false,"showSkybox":false,"showFlares":true,"showImageEffects":true,"showParticleSystems":true},"in2DMode":false,"pivot":{"x":0.005363485310226679,"y":-0.07946595549583435,"z":0.42376452684402468},"rotation":{"x":0.17670117318630219,"y":-0.6178701519966126,"z":0.14512665569782258,"w":0.7522989511489868},"size":0.5582442879676819,"orthographic":false}