{"cameraMode":{"drawMode":0,"name":"Shaded","section":"Shading Mode"},"sceneLighting":true,"audioPlay":false,"sceneViewState":{"showFog":true,"showMaterialUpdate":false,"showSkybox":false,"showFlares":true,"showImageEffects":true,"showParticleSystems":true},"in2DMode":false,"pivot":{"x":66.97266387939453,"y":17.251148223876954,"z":18.651628494262697},"rotation":{"x":0.005128029268234968,"y":-0.8080015778541565,"z":0.5891380310058594,"w":0.007034424692392349},"size":16.77576446533203,"orthographic":false}