{"cameraMode":{"drawMode":0,"name":"Shaded","section":"Shading Mode"},"sceneLighting":true,"audioPlay":false,"sceneViewState":{"showFog":true,"showMaterialUpdate":false,"showSkybox":true,"showFlares":true,"showImageEffects":true,"showParticleSystems":true},"in2DMode":false,"pivot":{"x":1.0777430534362794,"y":3.0480473041534426,"z":1.6954588890075684},"rotation":{"x":0.0008129911147989333,"y":0.9907621145248413,"z":-0.13548928499221803,"w":0.005945820827037096},"size":9.795690536499024,"orthographic":false}