{"cameraMode":{"drawMode":0,"name":"Shaded","section":"Shading Mode"},"sceneLighting":true,"audioPlay":false,"sceneViewState":{"showFog":true,"showMaterialUpdate":false,"showSkybox":false,"showFlares":true,"showImageEffects":true,"showParticleSystems":true},"in2DMode":false,"pivot":{"x":3.7052841186523439,"y":4.913100242614746,"z":26.021404266357423},"rotation":{"x":0.20294328033924104,"y":-0.30658048391342165,"z":0.06707385927438736,"w":0.9275590181350708},"size":45.493263244628909,"orthographic":false}