{"cameraMode":{"drawMode":0,"name":"Shaded","section":"Shading Mode"},"sceneLighting":true,"audioPlay":false,"sceneViewState":{"showFog":true,"showMaterialUpdate":false,"showSkybox":false,"showFlares":true,"showImageEffects":true,"showParticleSystems":true},"in2DMode":false,"pivot":{"x":3.7052841186523439,"y":4.913100242614746,"z":26.021404266357423},"rotation":{"x":0.022535914555191995,"y":-0.9770036935806274,"z":0.13359488546848298,"w":0.164770245552063},"size":45.493263244628909,"orthographic":false}