{"cameraMode":{"drawMode":0,"name":"Shaded","section":"Shading Mode"},"sceneLighting":true,"audioPlay":false,"sceneViewState":{"m_AlwaysRefresh":false,"showFog":true,"showSkybox":false,"showFlares":true,"showImageEffects":true,"showParticleSystems":true,"showVisualEffectGraphs":true,"m_FxEnabled":false},"in2DMode":false,"pivot":{"x":-128.6500701904297,"y":134.56715393066407,"z":140.43724060058595},"rotation":{"x":0.17512480914592744,"y":0.37198469042778017,"z":-0.07185720652341843,"w":0.9088394045829773},"size":3.4030370712280275,"orthographic":false}