{"cameraMode":{"drawMode":0,"name":"Shaded","section":"Shading Mode"},"sceneLighting":true,"audioPlay":false,"sceneViewState":{"m_AlwaysRefresh":false,"showFog":true,"showSkybox":false,"showFlares":true,"showImageEffects":true,"showParticleSystems":true,"showVisualEffectGraphs":true,"m_FxEnabled":false},"in2DMode":false,"pivot":{"x":-0.15598663687705995,"y":-0.07211152464151383,"z":0.03867745399475098},"rotation":{"x":0.04026718810200691,"y":0.08236715197563172,"z":-0.0034799238201230766,"w":0.9958789348602295},"size":0.5146428346633911,"orthographic":false}