{"cameraMode":{"drawMode":0,"name":"Shaded","section":"Shading Mode"},"sceneLighting":false,"audioPlay":false,"sceneViewState":{"m_AlwaysRefresh":false,"showFog":true,"showSkybox":false,"showFlares":true,"showImageEffects":true,"showParticleSystems":true,"showVisualEffectGraphs":true,"m_FxEnabled":false},"in2DMode":false,"pivot":{"x":-0.6714843511581421,"y":0.003485932946205139,"z":-2.151987075805664},"rotation":{"x":0.022006727755069734,"y":-0.9207757711410523,"z":0.05214831233024597,"w":0.38630926609039309},"size":0.8660253882408142,"orthographic":false}