{"cameraMode":{"drawMode":0,"name":"Shaded","section":"Shading Mode"},"sceneLighting":false,"audioPlay":false,"sceneViewState":{"m_AlwaysRefresh":false,"showFog":true,"showSkybox":false,"showFlares":true,"showImageEffects":true,"showParticleSystems":true,"showVisualEffectGraphs":true,"m_FxEnabled":false},"in2DMode":false,"pivot":{"x":-116.55902099609375,"y":135.73263549804688,"z":150.20346069335938},"rotation":{"x":0.0070500788278877739,"y":-0.789598286151886,"z":-0.00905619841068983,"w":-0.6135646104812622},"size":2.401174545288086,"orthographic":false}