{"cameraMode":{"drawMode":0,"name":"Shaded","section":"Shading Mode"},"sceneLighting":true,"audioPlay":false,"sceneViewState":{"m_AlwaysRefresh":false,"showFog":true,"showSkybox":false,"showFlares":true,"showImageEffects":true,"showParticleSystems":true,"showVisualEffectGraphs":true,"m_FxEnabled":true},"in2DMode":false,"pivot":{"x":-69.1031494140625,"y":140.5057830810547,"z":144.55474853515626},"rotation":{"x":0.0007158528314903379,"y":-0.9820277690887451,"z":0.18876276910305024,"w":0.003843358252197504},"size":2.1136393547058107,"orthographic":false}