{"cameraMode":{"drawMode":0,"name":"Shaded","section":"Shading Mode"},"sceneLighting":true,"audioPlay":false,"sceneViewState":{"m_AlwaysRefresh":false,"showFog":true,"showSkybox":false,"showFlares":true,"showImageEffects":true,"showParticleSystems":true,"showVisualEffectGraphs":true,"m_FxEnabled":true},"in2DMode":false,"pivot":{"x":-2.0886218547821047,"y":3.1969056129455568,"z":-0.9977017045021057},"rotation":{"x":-0.02567937597632408,"y":0.23063579201698304,"z":-0.006105571053922176,"w":-0.9727088809013367},"size":4.850614070892334,"orthographic":false}